{"description":"Asset type for database transformation scripts","fields":[{"key":"columns","type":"string","facet":true,"is_array":true,"search_path":"statements[].columns[].name","is_searchable_across_types":true}],"external_asset_preview":{},"relationships":[],"properties":{"host":{"type":"string","description":"Name of the host","readonly":true,"label":{"default":"Server information","en":"Server information"}},"transformation_type":{"type":"string","description":"Type of the transformation","readonly":true,"label":{"default":"Transformation type","en":"Transformation type"}},"transformation_expression":{"type":"string","description":"Expression for the transformation","readonly":true,"label":{"default":"Transformation expression","en":"Transformation expression"}},"lineage_link":{"type":"string","description":"Visually explore lineage information","hidden":true,"readonly":true,"label":{"default":"Lineage link","en":"Lineage link"}}},"localized_metadata_attributes":{"name":{"default":"Transformation script","en":"Transformation script"}},"global_search_searchable":[],"attribute_only":false,"version":1,"name":"data_transformation","scope":"GLOBAL","allow_decorators":true}
