{"description":"Decorator asset type providing information for assets published from metadata enrichment","fields":[{"key":"last_published_timestamp","type":"long","facet":false,"is_array":false,"is_searchable_across_types":true},{"key":"catalog_id","type":"string","facet":false,"is_array":false,"is_searchable_across_types":true},{"key":"status","type":"string","facet":false,"is_array":false,"is_searchable_across_types":true}],"relationships":[],"global_search_searchable":[],"attribute_behavior":{"remove_on_copy":true},"attribute_only":true,"version":1,"name":"metadata_enrichment_publish_info","scope":"GLOBAL","allow_decorators":false}
