{"description":"OMRS asset type","fields":[{"key":"omrs_entity1.omrs_guid","type":"string","facet":false,"is_array":false,"is_searchable_across_types":false},{"key":"omrs_entity2.omrs_guid","type":"string","facet":false,"is_array":false,"is_searchable_across_types":false},{"key":"omrs_type","type":"string","facet":false,"is_array":false,"is_searchable_across_types":false}],"external_asset_preview":{},"relationships":[],"localized_metadata_attributes":{"name":{"default":"OMRS relationship","en":"OMRS relationship"}},"global_search_searchable":[],"attribute_only":false,"version":5,"name":"omrs_relationship","scope":"GLOBAL","is_column_custom_attribute":false,"allow_decorators":false}
