{"metadata":{"asset_id":"4d2942b4-f15b-4cad-8f79-c82628a1d658","asset_attributes":["data_asset"],"name":"city_day.csv","asset_type":"data_asset","created_at":"2022-09-24T05:19:33Z","origin_country":"us","owner_id":"IBMid-663003XAKX","project_id":"9a8c06e1-f328-4bbe-9da5-d8e8ec46aa7d","size":2574056,"usage":{"last_update_time":1663996774618,"last_updated_at":"2022-09-24T05:19:34Z"}},"entity":{"data_asset":{"mime_type":"text/csv","dataset":false},"location_definition":{"physical_location_code":"DAL","physical_location_code_assigned_by":"IBMid-663003XAKX","physical_location_code_rds_id":"c57cb90f-2126-3800-9c9f-9eab82021cdf","physical_location_code_rds_version":"00002022-0922-4042-8804-239636000000_2","physical_location_code_assignment_method":"INFERRED","physical_location_code_added_on":"1663820887138"}},"attachments":[{"id":"ceb052f9-7d6d-4187-9d0d-5fda33ce4265","version":2,"asset_type":"data_asset","name":"city_day.csv","mime":"text/csv","datasource_type":"193a97c1-4475-4a19-b90c-295c4fdc6517","object_key":"city_day.csv","creator_id":"IBMid-663003XAKX","create_time":1663996774617,"size":2574056,"is_remote":false,"is_managed":false,"is_referenced":true,"is_object_key_read_only":true,"is_user_provided_path_key":true,"transfer_complete":true,"is_partitioned":false,"complete_time_ticks":1663996774617,"user_data":{},"test_doc":0,"handle":{"bucket":"realtimeairqualitymonitoring-donotdelete-pr-cholkirtxdsswx","location":"us-geo","type":"bluemix_cos","key":"city_day.csv","upload_id":"done","max_part_num":1},"usage":{"access_count":0,"last_accessor_id":"IBMid-663003XAKX","last_access_time":1663996774617}}]}
