{"metadata":{"asset_id":"9ef7b707-1bb5-4a46-b2d3-6c6bf0a0bfdd","asset_attributes":["data_asset"],"name":"AQI-Chart_20.jpg","asset_type":"data_asset","created_at":"2022-09-24T06:39:57Z","origin_country":"us","owner_id":"IBMid-663003XAKX","project_id":"9a8c06e1-f328-4bbe-9da5-d8e8ec46aa7d","size":320457,"usage":{"last_update_time":1664001598558,"last_updated_at":"2022-09-24T06:39:58Z"}},"entity":{"data_asset":{"mime_type":"image/jpeg","dataset":false},"location_definition":{"physical_location_code":"DAL","physical_location_code_assigned_by":"IBMid-663003XAKX","physical_location_code_rds_id":"c57cb90f-2126-3800-9c9f-9eab82021cdf","physical_location_code_rds_version":"00002022-0922-4042-8804-239636000000_2","physical_location_code_assignment_method":"INFERRED","physical_location_code_added_on":"1663820887138"}},"attachments":[{"id":"243abd0d-3192-437b-a89b-1c14de983b91","version":2,"asset_type":"data_asset","name":"AQI-Chart_20.jpg","mime":"image/jpeg","datasource_type":"193a97c1-4475-4a19-b90c-295c4fdc6517","object_key":"AQI-Chart_20.jpg","creator_id":"IBMid-663003XAKX","create_time":1664001598555,"size":320457,"is_remote":false,"is_managed":false,"is_referenced":true,"is_object_key_read_only":true,"is_user_provided_path_key":true,"transfer_complete":true,"is_partitioned":false,"complete_time_ticks":1664001598555,"user_data":{},"test_doc":0,"handle":{"bucket":"realtimeairqualitymonitoring-donotdelete-pr-cholkirtxdsswx","location":"us-geo","type":"bluemix_cos","key":"AQI-Chart_20.jpg","upload_id":"done","max_part_num":1},"usage":{"access_count":0,"last_accessor_id":"IBMid-663003XAKX","last_access_time":1664001598555}}]}
