{"metadata":{"asset_id":"73cf5957-3056-409b-bffa-9a2b8de3516a","asset_attributes":["notebook"],"name":"Air-Quality-Monitoring","asset_type":"notebook","created_at":"2022-09-22T04:39:56Z","description":"","origin_country":"us","owner_id":"IBMid-663003XAKX","project_id":"9a8c06e1-f328-4bbe-9da5-d8e8ec46aa7d","size":3243974,"tags":["notebook"],"usage":{"last_update_time":1664001887499,"last_updated_at":"2022-09-24T06:44:47Z"}},"entity":{"notebook":{"kernel":{"name":"python3","display_name":"Python 3.9","language":"python"},"originates_from":{"type":"blank"},"runtime":{"environment":"conda1rt221-9a8c06e1-f328-4bbe-9da5-d8e8ec46aa7d"}},"location_definition":{"physical_location_code":"DAL","physical_location_code_assigned_by":"IBMid-663003XAKX","physical_location_code_rds_id":"c57cb90f-2126-3800-9c9f-9eab82021cdf","physical_location_code_rds_version":"00002022-0922-4042-8804-239636000000_2","physical_location_code_assignment_method":"INFERRED","physical_location_code_added_on":"1663820887138"}},"attachments":[{"id":"3bc3c002-b4ef-440f-bab2-5c9aef39c5e5","version":2,"asset_type":"notebook","name":"attachment for notebook 73cf5957-3056-409b-bffa-9a2b8de3516a","description":"attachment for notebook 73cf5957-3056-409b-bffa-9a2b8de3516a","mime":"application/json","datasource_type":"193a97c1-4475-4a19-b90c-295c4fdc6517","object_key":"notebook/Air-Quality-Monitoring_LCsgHyu1d.ipynb","creator_id":"IBMid-663003XAKX","create_time":1663821598391,"size":3243974,"is_remote":false,"is_managed":false,"is_referenced":true,"is_object_key_read_only":false,"is_user_provided_path_key":true,"transfer_complete":true,"is_partitioned":false,"complete_time_ticks":1663821598391,"user_data":{},"test_doc":0,"handle":{"bucket":"realtimeairqualitymonitoring-donotdelete-pr-cholkirtxdsswx","location":"us-geo","type":"bluemix_cos","key":"notebook/Air-Quality-Monitoring_LCsgHyu1d.ipynb","upload_id":"done","max_part_num":1},"usage":{"access_count":34,"last_accessor_id":"IBMid-663003XAKX","last_access_time":1664001887498,"last_updater_id":"IBMid-663003XAKX","last_update_time":1664001887498}}]}
